inventor_id,disambig_inventor_name_first,distinct_patent_count
fl:sh_ln:yamazaki-50,Shunpei,6542
fl:ki_ln:silverbrook-1,Kia,4778
fl:ta_ln:luo-5,Tao,3554
fl:ka_ln:cheng-76,Kangguo,2742
fl:jo_ln:ive-3,Jonathan P.,2665
fl:fr_ln:shelton-6,Frederick E.,2448
fl:ju_ln:li-157,Junyi,2299
fl:du_ln:kerr-1,Duncan Robert,2250
fl:ba_ln:andre-5,Bartley K.,2206
fl:pe_ln:gaal-1,Peter,2202
fl:ri_ln:howarth-3,Richard P.,2120
fl:wa_ln:chen-124,Wanshi,2070
fl:eu_ln:whang-5,Eugene Antony,2007
fl:lo_ln:wood-12,Lowell L.,1971
fl:ro_ln:hyde-1,Roderick A.,1891
fl:ri_ln:zorkendorfer-1,Rico,1879
fl:ch_ln:stringer-4,Christopher J.,1843
fl:ch_ln:yu-841,Chen-Hua,1815
fl:da_ln:deiuliis-4,Daniele,1758
fl:pe_ln:russellclarke-2,Peter,1744
